distance,generated_time,instantaneous_speed,latitude,longitude
0,"2014-01-08 16:13:01",0,-36.8527,174.768
0,"2014-01-08 16:13:03",0,-36.8528,174.768
0,"2014-01-08 16:13:10",0,-36.8528,174.768
0,"2014-01-08 16:13:19",0,-36.8528,174.768
0,"2014-01-08 16:13:32",0,-36.8528,174.768
61.371,"2014-01-08 16:13:46",0,-36.8523,174.768
61.371,"2014-01-08 16:13:53",0,-36.8523,174.768
61.371,"2014-01-08 16:13:58",0,-36.8523,174.768
61.371,"2014-01-08 16:14:04",0,-36.8523,174.768
61.371,"2014-01-08 16:14:07",0,-36.8524,174.769
61.371,"2014-01-08 16:14:08",15.8316,-36.8525,174.768
61.371,"2014-01-08 16:14:09",11.7556,-36.8525,174.768
61.371,"2014-01-08 16:14:11",6.72086,-36.8526,174.768
61.371,"2014-01-08 16:14:12",5.25483,-36.8526,174.768
61.371,"2014-01-08 16:14:13",4.12899,-36.8526,174.768
61.371,"2014-01-08 16:14:15",3.21815,-36.8526,174.768
61.371,"2014-01-08 16:14:16",1.10899,-36.8526,174.768
61.371,"2014-01-08 16:14:17",0.995042,-36.8526,174.769
61.371,"2014-01-08 16:14:19",1.69911,-36.8526,174.769
61.371,"2014-01-08 16:14:20",1.91833,-36.8526,174.769
61.371,"2014-01-08 16:14:21",1.92065,-36.8526,174.769
61.371,"2014-01-08 16:14:23",1.61555,-36.8526,174.769
61.371,"2014-01-08 16:14:24",1.48571,-36.8526,174.769
102.325,"2014-01-08 16:14:25",1.39201,-36.8526,174.769
102.325,"2014-01-08 16:14:27",1.3644,-36.8526,174.769
102.325,"2014-01-08 16:14:28",1.23514,-36.8526,174.769
102.325,"2014-01-08 16:14:29",1.20384,-36.8527,174.769
102.325,"2014-01-08 16:14:31",1.20973,-36.8527,174.769
102.325,"2014-01-08 16:14:33",1.1307,-36.8527,174.769
102.325,"2014-01-08 16:14:34",1.13253,-36.8527,174.769
113.817,"2014-01-08 16:14:35",1.18593,-36.8527,174.769
113.817,"2014-01-08 16:14:36",1.27412,-36.8527,174.769
113.817,"2014-01-08 16:14:37",1.37141,-36.8527,174.769
113.817,"2014-01-08 16:14:39",1.36209,-36.8528,174.769
120.886,"2014-01-08 16:14:40",1.34384,-36.8528,174.769
120.886,"2014-01-08 16:14:42",1.24223,-36.8528,174.769
120.886,"2014-01-08 16:14:43",1.15356,-36.8528,174.769
120.886,"2014-01-08 16:14:44",1.05744,-36.8528,174.769
120.886,"2014-01-08 16:14:45",0.943661,-36.8528,174.769
120.886,"2014-01-08 16:14:47",0.480182,-36.8528,174.769
120.886,"2014-01-08 16:14:48",0.136637,-36.8528,174.769
120.886,"2014-01-08 16:14:50",0.33466,-36.8528,174.769
120.886,"2014-01-08 16:14:51",1.08863,-36.8528,174.769
120.886,"2014-01-08 16:14:52",1.79351,-36.8528,174.769
132.156,"2014-01-08 16:14:54",2.93102,-36.8527,174.769
139.805,"2014-01-08 16:14:56",3.3139,-36.8527,174.769
139.805,"2014-01-08 16:14:58",3.56474,-36.8527,174.769
153.791,"2014-01-08 16:14:59",3.95326,-36.8528,174.769
153.791,"2014-01-08 16:15:00",3.87245,-36.8528,174.769
153.791,"2014-01-08 16:15:01",3.64148,-36.8528,174.769
215.559,"2014-01-08 16:15:03",0,-36.8523,174.769
215.559,"2014-01-08 16:15:04",0,-36.8523,174.769
215.559,"2014-01-08 16:15:05",0,-36.8523,174.769
215.559,"2014-01-08 16:15:07",0,-36.8523,174.769
215.559,"2014-01-08 16:15:08",0,-36.8523,174.769
215.559,"2014-01-08 16:15:09",0,-36.8523,174.769
215.559,"2014-01-08 16:15:10",0,-36.8523,174.769
215.559,"2014-01-08 16:15:12",0,-36.8523,174.769
215.559,"2014-01-08 16:15:14",0,-36.8523,174.769
215.559,"2014-01-08 16:15:16",0,-36.8523,174.769
215.559,"2014-01-08 16:15:17",0,-36.8523,174.769
215.559,"2014-01-08 16:15:18",0,-36.8523,174.769
215.559,"2014-01-08 16:15:20",0,-36.8523,174.769
215.559,"2014-01-08 16:15:21",0,-36.8523,174.769
215.559,"2014-01-08 16:15:22",0,-36.8523,174.769
215.559,"2014-01-08 16:15:23",0,-36.8523,174.769
215.559,"2014-01-08 16:15:24",0,-36.8523,174.769
296.065,"2014-01-08 16:15:25",1.82744,-36.853,174.769
296.065,"2014-01-08 16:15:27",1.87512,-36.853,174.769
296.065,"2014-01-08 16:15:28",2.00449,-36.853,174.769
296.065,"2014-01-08 16:15:29",2.02593,-36.853,174.769
306.475,"2014-01-08 16:15:30",1.94558,-36.8531,174.769
306.475,"2014-01-08 16:15:31",1.92353,-36.8531,174.769
306.475,"2014-01-08 16:15:32",1.86266,-36.8531,174.769
313.794,"2014-01-08 16:15:34",1.84999,-36.8531,174.769
313.794,"2014-01-08 16:15:36",1.77212,-36.8531,174.769
313.794,"2014-01-08 16:15:37",1.75763,-36.8531,174.769
313.794,"2014-01-08 16:15:38",1.7505,-36.8532,174.769
322.381,"2014-01-08 16:15:39",1.7177,-36.8532,174.769
322.381,"2014-01-08 16:15:40",1.67439,-36.8532,174.769
322.381,"2014-01-08 16:15:42",1.51443,-36.8532,174.769
322.381,"2014-01-08 16:15:43",1.38666,-36.8532,174.769
322.381,"2014-01-08 16:15:44",1.22707,-36.8532,174.769
330.626,"2014-01-08 16:15:46",1.11081,-36.8532,174.769
330.626,"2014-01-08 16:15:47",1.14623,-36.8532,174.769
330.626,"2014-01-08 16:15:48",1.19764,-36.8532,174.769
330.626,"2014-01-08 16:15:50",1.36247,-36.8532,174.769
337.736,"2014-01-08 16:15:51",1.38713,-36.8533,174.769
337.736,"2014-01-08 16:15:53",1.35489,-36.8533,174.769
337.736,"2014-01-08 16:15:54",1.22993,-36.8533,174.769
337.736,"2014-01-08 16:15:55",1.04564,-36.8533,174.769
337.736,"2014-01-08 16:15:57",0.945451,-36.8533,174.769
337.736,"2014-01-08 16:15:58",0.860845,-36.8533,174.769
345.712,"2014-01-08 16:16:00",0.887787,-36.8533,174.769
345.712,"2014-01-08 16:16:02",0.971809,-36.8533,174.769
345.712,"2014-01-08 16:16:03",1.12885,-36.8533,174.769
352.778,"2014-01-08 16:16:05",1.64076,-36.8533,174.769
365.523,"2014-01-08 16:16:06",4.39833,-36.8534,174.769
379.383,"2014-01-08 16:16:07",7.21441,-36.8535,174.768
392.24,"2014-01-08 16:16:08",8.74592,-36.8536,174.768
406.475,"2014-01-08 16:16:10",8.08234,-36.8537,174.768
406.475,"2014-01-08 16:16:11",6.08454,-36.8538,174.768
406.475,"2014-01-08 16:16:13",2.47849,-36.8538,174.768
406.475,"2014-01-08 16:16:15",1.21343,-36.8538,174.768
406.475,"2014-01-08 16:16:16",0.181992,-36.8537,174.768
406.475,"2014-01-08 16:16:18",0.0941849,-36.8537,174.768
406.475,"2014-01-08 16:16:19",0.0396012,-36.8537,174.768
406.475,"2014-01-08 16:16:21",0.132425,-36.8537,174.768
406.475,"2014-01-08 16:16:22",0.125479,-36.8537,174.768
406.475,"2014-01-08 16:16:24",0.124919,-36.8537,174.768
406.475,"2014-01-08 16:16:25",1.84622,-36.8537,174.768
406.475,"2014-01-08 16:16:26",2.9173,-36.8538,174.768
419.228,"2014-01-08 16:16:29",3.5035,-36.8538,174.768
424.955,"2014-01-08 16:16:30",3.15297,-36.8538,174.768
424.955,"2014-01-08 16:16:32",3.07958,-36.8538,174.768
433.495,"2014-01-08 16:16:33",2.96041,-36.8538,174.768
433.495,"2014-01-08 16:16:35",1.95619,-36.8538,174.768
433.495,"2014-01-08 16:16:36",1.47322,-36.8538,174.768
433.495,"2014-01-08 16:16:38",1.47322,-36.8538,174.768
433.495,"2014-01-08 16:16:39",1.18796,-36.8538,174.768
440.485,"2014-01-08 16:16:40",1.14817,-36.8538,174.768
440.485,"2014-01-08 16:16:42",1.05873,-36.8538,174.768
440.485,"2014-01-08 16:16:44",0.82656,-36.8538,174.768
440.485,"2014-01-08 16:16:45",0.454709,-36.8538,174.768
440.485,"2014-01-08 16:16:47",0.162995,-36.8538,174.768
440.485,"2014-01-08 16:16:49",0.131162,-36.8538,174.768
440.485,"2014-01-08 16:16:51",0.469724,-36.8538,174.768
440.485,"2014-01-08 16:16:52",0.901286,-36.8538,174.768
448.222,"2014-01-08 16:16:53",1.38012,-36.8539,174.768
448.222,"2014-01-08 16:16:55",2.07742,-36.8539,174.768
458.873,"2014-01-08 16:16:57",2.39956,-36.854,174.768
458.873,"2014-01-08 16:16:58",2.51571,-36.854,174.768
465.99,"2014-01-08 16:17:00",2.32788,-36.854,174.768
465.99,"2014-01-08 16:17:01",2.06267,-36.854,174.768
465.99,"2014-01-08 16:17:02",1.75277,-36.854,174.768
465.99,"2014-01-08 16:17:04",1.17347,-36.854,174.768
465.99,"2014-01-08 16:17:06",1.14294,-36.8541,174.768
473.547,"2014-01-08 16:17:08",1.12468,-36.8541,174.768
473.547,"2014-01-08 16:17:09",1.25193,-36.8541,174.768
473.547,"2014-01-08 16:17:11",1.33082,-36.8541,174.768
480.817,"2014-01-08 16:17:12",1.27589,-36.8541,174.768
480.817,"2014-01-08 16:17:14",1.11846,-36.8541,174.768
480.817,"2014-01-08 16:17:15",0.508944,-36.8541,174.768
480.817,"2014-01-08 16:17:16",0.526278,-36.8541,174.768
480.817,"2014-01-08 16:17:17",0.570622,-36.8541,174.768
480.817,"2014-01-08 16:17:19",0.782465,-36.8542,174.768
480.817,"2014-01-08 16:17:20",0.929268,-36.8542,174.768
489.718,"2014-01-08 16:17:22",1.15703,-36.8542,174.768
489.718,"2014-01-08 16:17:24",1.25719,-36.8542,174.768
489.718,"2014-01-08 16:17:27",1.28786,-36.8542,174.768
489.718,"2014-01-08 16:17:28",1.27932,-36.8542,174.768
489.718,"2014-01-08 16:17:29",1.21601,-36.8542,174.768
489.718,"2014-01-08 16:17:30",1.16066,-36.8542,174.768
489.718,"2014-01-08 16:17:32",1.10322,-36.8542,174.768
489.718,"2014-01-08 16:17:33",1.06902,-36.8542,174.768
489.718,"2014-01-08 16:17:34",1.33385,-36.8541,174.768
489.718,"2014-01-08 16:17:35",1.37327,-36.8541,174.768
489.718,"2014-01-08 16:17:37",1.18164,-36.8541,174.768
489.718,"2014-01-08 16:17:38",0.930769,-36.8541,174.768
489.718,"2014-01-08 16:17:40",1.05264,-36.8541,174.768
489.718,"2014-01-08 16:17:41",1.46184,-36.8541,174.768
489.718,"2014-01-08 16:17:42",1.83989,-36.8541,174.768
513.477,"2014-01-08 16:17:44",2.31058,-36.8542,174.768
513.477,"2014-01-08 16:17:46",2.3573,-36.8542,174.768
513.477,"2014-01-08 16:17:47",2.30193,-36.8542,174.768
513.477,"2014-01-08 16:17:48",2.23708,-36.8542,174.768
527.541,"2014-01-08 16:17:50",2.36471,-36.8543,174.767
527.541,"2014-01-08 16:17:52",2.99367,-36.8543,174.767
543.586,"2014-01-08 16:17:54",3.44536,-36.8544,174.767
543.586,"2014-01-08 16:17:55",3.44903,-36.8544,174.767
554.256,"2014-01-08 16:17:57",3.46946,-36.8545,174.767
554.256,"2014-01-08 16:17:59",3.31725,-36.8545,174.767
554.256,"2014-01-08 16:18:01",3.30412,-36.8546,174.767
570.451,"2014-01-08 16:18:03",3.19234,-36.8546,174.767
570.451,"2014-01-08 16:18:04",3.27199,-36.8546,174.767
580.405,"2014-01-08 16:18:06",3.2593,-36.8547,174.767
580.405,"2014-01-08 16:18:07",3.33095,-36.8547,174.767
592.457,"2014-01-08 16:18:09",3.05277,-36.8548,174.767
592.457,"2014-01-08 16:18:10",2.7325,-36.8548,174.767
592.457,"2014-01-08 16:18:12",2.45499,-36.8548,174.767
592.457,"2014-01-08 16:18:13",2.26702,-36.8548,174.767
592.457,"2014-01-08 16:18:15",1.78062,-36.8548,174.767
603.858,"2014-01-08 16:18:16",1.75935,-36.8549,174.767
603.858,"2014-01-08 16:18:17",1.72732,-36.8549,174.767
603.858,"2014-01-08 16:18:18",1.67459,-36.8549,174.767
603.858,"2014-01-08 16:18:19",1.60632,-36.8549,174.767
603.858,"2014-01-08 16:18:22",1.49213,-36.8549,174.767
603.858,"2014-01-08 16:18:23",1.46973,-36.8549,174.767
603.858,"2014-01-08 16:18:25",1.43363,-36.8549,174.767
603.858,"2014-01-08 16:18:26",1.4288,-36.8549,174.767
620.94,"2014-01-08 16:18:27",1.53004,-36.8549,174.767
620.94,"2014-01-08 16:18:29",1.54397,-36.8549,174.767
620.94,"2014-01-08 16:18:31",1.55636,-36.8549,174.767
620.94,"2014-01-08 16:18:33",1.55255,-36.8549,174.767
632.731,"2014-01-08 16:18:35",1.47035,-36.8549,174.767
632.731,"2014-01-08 16:18:37",1.4188,-36.8549,174.767
632.731,"2014-01-08 16:18:38",1.36347,-36.8549,174.767
632.731,"2014-01-08 16:18:40",1.16772,-36.8549,174.767
632.731,"2014-01-08 16:18:41",1.09565,-36.8549,174.767
632.731,"2014-01-08 16:18:42",1.02935,-36.8549,174.767
632.731,"2014-01-08 16:18:44",1.02935,-36.8549,174.767
632.731,"2014-01-08 16:18:49",0.962395,-36.8549,174.767
632.731,"2014-01-08 16:18:54",0.962395,-36.8549,174.767
632.731,"2014-01-08 16:18:59",0.962395,-36.8549,174.767
632.731,"2014-01-08 16:19:04",0.962395,-36.8549,174.767
632.731,"2014-01-08 16:19:06",0,-36.8547,174.767
632.731,"2014-01-08 16:19:08",1.16174,-36.8546,174.767
632.731,"2014-01-08 16:19:09",1.16174,-36.8546,174.767
632.731,"2014-01-08 16:19:11",1.15352,-36.8546,174.767
632.731,"2014-01-08 16:19:14",1.15352,-36.8546,174.767
632.731,"2014-01-08 16:19:19",1.36146,-36.8546,174.767
632.731,"2014-01-08 16:19:24",1.36146,-36.8546,174.767
632.731,"2014-01-08 16:19:29",1.36146,-36.8546,174.767
693.853,"2014-01-08 16:19:34",0,-36.8544,174.767
693.853,"2014-01-08 16:19:35",1.42013,-36.8544,174.767
693.853,"2014-01-08 16:19:37",1.4189,-36.8544,174.767
693.853,"2014-01-08 16:19:39",1.37929,-36.8544,174.767
693.853,"2014-01-08 16:19:41",1.15291,-36.8544,174.767
693.853,"2014-01-08 16:19:42",1.00796,-36.8544,174.767
693.853,"2014-01-08 16:19:43",0.883671,-36.8543,174.767
693.853,"2014-01-08 16:19:44",0.816292,-36.8543,174.767
693.853,"2014-01-08 16:19:46",0.729146,-36.8543,174.767
693.853,"2014-01-08 16:19:48",0.677983,-36.8544,174.767
693.853,"2014-01-08 16:19:49",0.68501,-36.8544,174.767
693.853,"2014-01-08 16:19:51",0.632862,-36.8544,174.767
693.853,"2014-01-08 16:19:53",0.505674,-36.8544,174.767
693.853,"2014-01-08 16:19:54",0.420983,-36.8544,174.767
693.853,"2014-01-08 16:19:55",0.341193,-36.8544,174.767
693.853,"2014-01-08 16:19:57",0.246774,-36.8544,174.767
693.853,"2014-01-08 16:19:58",0.235141,-36.8544,174.767
693.853,"2014-01-08 16:20:00",0.247633,-36.8544,174.767
693.853,"2014-01-08 16:20:02",0.270159,-36.8544,174.767
693.853,"2014-01-08 16:20:04",0.285605,-36.8544,174.767
693.853,"2014-01-08 16:20:05",0.289336,-36.8544,174.767
693.853,"2014-01-08 16:20:07",0.289713,-36.8544,174.767
693.853,"2014-01-08 16:20:09",0.281625,-36.8544,174.767
693.853,"2014-01-08 16:20:10",0.27481,-36.8544,174.767
693.853,"2014-01-08 16:20:12",0.257914,-36.8544,174.767
693.853,"2014-01-08 16:20:13",0.24786,-36.8544,174.767
693.853,"2014-01-08 16:20:14",0.236355,-36.8544,174.767
693.853,"2014-01-08 16:20:16",0.224958,-36.8544,174.767
693.853,"2014-01-08 16:20:17",0.200806,-36.8544,174.767
693.853,"2014-01-08 16:20:19",0.175894,-36.8544,174.767
693.853,"2014-01-08 16:20:21",0.163608,-36.8544,174.767
693.853,"2014-01-08 16:20:22",0.139229,-36.8544,174.767
693.853,"2014-01-08 16:20:24",0.116764,-36.8544,174.767
693.853,"2014-01-08 16:20:26",0.106153,-36.8544,174.767
693.853,"2014-01-08 16:20:27",0.0861422,-36.8544,174.767
693.853,"2014-01-08 16:20:29",0.0627595,-36.8544,174.767
693.853,"2014-01-08 16:20:31",0.0518116,-36.8544,174.767
693.853,"2014-01-08 16:20:32",0.0743727,-36.8544,174.767
693.853,"2014-01-08 16:20:34",0.0876064,-36.8544,174.767
693.853,"2014-01-08 16:20:35",0.0963738,-36.8544,174.767
693.853,"2014-01-08 16:20:36",0.104623,-36.8544,174.767
693.853,"2014-01-08 16:20:38",0.117528,-36.8544,174.767
693.853,"2014-01-08 16:20:39",0.121884,-36.8544,174.767
693.853,"2014-01-08 16:20:40",0.124835,-36.8544,174.767
693.853,"2014-01-08 16:20:42",0.127031,-36.8544,174.767
693.853,"2014-01-08 16:20:43",0.126448,-36.8544,174.767
693.853,"2014-01-08 16:20:44",0.12489,-36.8544,174.767
693.853,"2014-01-08 16:20:46",0.11944,-36.8544,174.767
693.853,"2014-01-08 16:20:48",0.111698,-36.8544,174.767
693.853,"2014-01-08 16:20:49",0.107157,-36.8544,174.767
693.853,"2014-01-08 16:20:50",0.102211,-36.8544,174.767
693.853,"2014-01-08 16:20:51",0.0971173,-36.8544,174.767
693.853,"2014-01-08 16:20:53",0.0864001,-36.8544,174.767
693.853,"2014-01-08 16:20:55",0.0755167,-36.8544,174.767
693.853,"2014-01-08 16:20:56",0.0701921,-36.8544,174.767
693.853,"2014-01-08 16:20:58",0.0598067,-36.8544,174.767
693.853,"2014-01-08 16:20:59",0.0548094,-36.8544,174.767
693.853,"2014-01-08 16:21:01",0.045384,-36.8544,174.767
693.853,"2014-01-08 16:21:02",0.040923,-36.8544,174.767
693.853,"2014-01-08 16:21:03",0.0366493,-36.8544,174.767
693.853,"2014-01-08 16:21:05",0.0289966,-36.8544,174.767
693.853,"2014-01-08 16:21:06",0.0254967,-36.8544,174.767
693.853,"2014-01-08 16:21:08",0.0192857,-36.8544,174.767
693.853,"2014-01-08 16:21:09",0.0165138,-36.8544,174.767
693.853,"2014-01-08 16:21:11",0.0116797,-36.8544,174.767
693.853,"2014-01-08 16:21:13",0.00782042,-36.8544,174.767
693.853,"2014-01-08 16:21:14",0.00625268,-36.8544,174.767
693.853,"2014-01-08 16:21:15",0.00496146,-36.8544,174.767
693.853,"2014-01-08 16:21:16",0.0040026,-36.8544,174.767
693.853,"2014-01-08 16:21:18",0.00322878,-36.8544,174.767
693.853,"2014-01-08 16:21:20",0.00366598,-36.8544,174.767
693.853,"2014-01-08 16:21:21",0.00403543,-36.8544,174.767
693.853,"2014-01-08 16:21:23",0.00472968,-36.8544,174.767
693.853,"2014-01-08 16:21:25",0.00522357,-36.8544,174.767
693.853,"2014-01-08 16:21:26",0.00538159,-36.8544,174.767
693.853,"2014-01-08 16:21:28",0.00553193,-36.8544,174.767
693.853,"2014-01-08 16:21:30",0.00549407,-36.8544,174.767
693.853,"2014-01-08 16:21:31",0.005415,-36.8544,174.767
693.853,"2014-01-08 16:21:33",0.00516455,-36.8544,174.767
693.853,"2014-01-08 16:21:35",0.00482123,-36.8544,174.767
693.853,"2014-01-08 16:21:36",0.00462471,-36.8544,174.767
693.853,"2014-01-08 16:21:38",0.00418176,-36.8544,174.767
693.853,"2014-01-08 16:21:40",0.00372728,-36.8544,174.767
693.853,"2014-01-08 16:21:41",0.00349898,-36.8544,174.767
693.853,"2014-01-08 16:21:43",0.00303784,-36.8544,174.767
693.853,"2014-01-08 16:21:44",0.00281185,-36.8544,174.767
693.853,"2014-01-08 16:21:45",0.00258986,-36.8544,174.767
693.853,"2014-01-08 16:21:47",0.00258986,-36.8544,174.767
693.853,"2014-01-08 16:21:51",0.00258986,-36.8544,174.767
693.853,"2014-01-08 16:21:56",0.00258986,-36.8544,174.767
693.853,"2014-01-08 16:22:01",0.00258986,-36.8544,174.767
693.853,"2014-01-08 16:22:06",0.00258986,-36.8544,174.767
693.853,"2014-01-08 16:22:08",0,-36.8544,174.767
693.853,"2014-01-08 16:22:10",0,-36.8544,174.767
693.853,"2014-01-08 16:22:11",0,-36.8544,174.767
693.853,"2014-01-08 16:22:13",0,-36.8544,174.767
693.853,"2014-01-08 16:22:14",0,-36.8544,174.767
693.853,"2014-01-08 16:22:16",0,-36.8544,174.767
693.853,"2014-01-08 16:22:18",0,-36.8544,174.767
693.853,"2014-01-08 16:22:19",0,-36.8544,174.767
693.853,"2014-01-08 16:22:21",0,-36.8544,174.767
693.853,"2014-01-08 16:22:23",0,-36.8544,174.767
693.853,"2014-01-08 16:22:25",0,-36.8544,174.767
693.853,"2014-01-08 16:22:26",0,-36.8544,174.767
693.853,"2014-01-08 16:22:27",0,-36.8544,174.767
693.853,"2014-01-08 16:22:28",0,-36.8544,174.767
693.853,"2014-01-08 16:22:30",0,-36.8544,174.767
693.853,"2014-01-08 16:22:31",0,-36.8544,174.767
693.853,"2014-01-08 16:22:33",0,-36.8544,174.767
693.853,"2014-01-08 16:22:34",0,-36.8544,174.767
693.853,"2014-01-08 16:22:36",0,-36.8544,174.767
693.853,"2014-01-08 16:22:38",0,-36.8544,174.767
693.853,"2014-01-08 16:22:39",0,-36.8544,174.767
693.853,"2014-01-08 16:22:41",0,-36.8544,174.767
693.853,"2014-01-08 16:22:47",0,-36.8544,174.767
693.853,"2014-01-08 16:22:52",0,-36.8544,174.767
693.853,"2014-01-08 16:22:57",0,-36.8544,174.767
693.853,"2014-01-08 16:23:02",0,-36.8544,174.767
693.853,"2014-01-08 16:23:03",1.93384,-36.8555,174.767
693.853,"2014-01-08 16:23:04",1.54893,-36.8555,174.767
693.853,"2014-01-08 16:23:05",1.04526,-36.8555,174.767
693.853,"2014-01-08 16:23:07",0.681443,-36.8555,174.767
693.853,"2014-01-08 16:23:08",0.340167,-36.8555,174.767
693.853,"2014-01-08 16:23:10",0.160653,-36.8555,174.767
693.853,"2014-01-08 16:23:12",0.112244,-36.8555,174.767
693.853,"2014-01-08 16:23:13",0.0286896,-36.8555,174.767
693.853,"2014-01-08 16:23:15",2.36422,-36.8554,174.767
693.853,"2014-01-08 16:23:16",3.75199,-36.8554,174.767
693.853,"2014-01-08 16:23:17",5.33037,-36.8555,174.767
693.853,"2014-01-08 16:23:18",7.166,-36.8556,174.767
693.853,"2014-01-08 16:23:20",10.602,-36.8557,174.766
861.006,"2014-01-08 16:23:22",11.0326,-36.8558,174.766
880.992,"2014-01-08 16:23:23",9.56996,-36.8558,174.766
896.402,"2014-01-08 16:23:25",8.51403,-36.8558,174.766
896.402,"2014-01-08 16:23:26",7.482,-36.8558,174.766
916.007,"2014-01-08 16:23:28",7.38214,-36.8559,174.766
916.007,"2014-01-08 16:23:29",4.20181,-36.8559,174.766
932.195,"2014-01-08 16:23:30",3.80513,-36.856,174.766
932.195,"2014-01-08 16:23:32",4.1427,-36.856,174.766
952.522,"2014-01-08 16:23:33",6.07444,-36.8561,174.766
963.146,"2014-01-08 16:23:34",7.29103,-36.8562,174.766
987.866,"2014-01-08 16:23:36",10.2476,-36.8564,174.766
1002,"2014-01-08 16:23:37",11.3742,-36.8565,174.766
1016.86,"2014-01-08 16:23:38",12.1576,-36.8566,174.765
1046.97,"2014-01-08 16:23:40",13.5762,-36.8568,174.765
1061.36,"2014-01-08 16:23:42",14.2324,-36.8569,174.765
1092.6,"2014-01-08 16:23:43",14.5983,-36.8571,174.765
1119.96,"2014-01-08 16:23:45",14.4288,-36.8573,174.765
1132.92,"2014-01-08 16:23:47",13.9912,-36.8574,174.765
1158.26,"2014-01-08 16:23:48",13.0445,-36.8575,174.764
1182.41,"2014-01-08 16:23:50",12.9516,-36.8577,174.764
1194.77,"2014-01-08 16:23:51",12.7383,-36.8578,174.764
1194.77,"2014-01-08 16:23:52",12.7383,-36.8578,174.764
1227.28,"2014-01-08 16:23:54",10.9645,-36.858,174.764
1242.95,"2014-01-08 16:23:56",9.32108,-36.8581,174.764
1242.95,"2014-01-08 16:23:57",7.82166,-36.8581,174.764
1252.06,"2014-01-08 16:23:59",4.67436,-36.8582,174.764
1252.06,"2014-01-08 16:24:01",1.89258,-36.8582,174.764
1252.06,"2014-01-08 16:24:03",0.437884,-36.8581,174.764
1252.06,"2014-01-08 16:24:04",0.423124,-36.8581,174.764
1252.06,"2014-01-08 16:24:05",0.425671,-36.8581,174.764
1252.06,"2014-01-08 16:24:07",0.335031,-36.8581,174.764
1252.06,"2014-01-08 16:24:09",0.0371774,-36.8581,174.764
1252.06,"2014-01-08 16:24:10",0.0106882,-36.8581,174.764
1252.06,"2014-01-08 16:24:11",0.0150076,-36.8581,174.764
1252.06,"2014-01-08 16:24:13",0.0124413,-36.8581,174.764
1252.06,"2014-01-08 16:24:15",0.00417838,-36.8581,174.764
1252.06,"2014-01-08 16:24:17",0.000472628,-36.8581,174.764
1252.06,"2014-01-08 16:24:18",0.000555452,-36.8581,174.764
1252.06,"2014-01-08 16:24:19",0.000619106,-36.8581,174.764
1252.06,"2014-01-08 16:24:20",0.000487156,-36.8581,174.764
1252.06,"2014-01-08 16:24:22",0.000181893,-36.8581,174.764
1252.06,"2014-01-08 16:24:23",0.0000787811,-36.8581,174.764
1252.06,"2014-01-08 16:24:24",0.0000226871,-36.8581,174.764
1252.06,"2014-01-08 16:24:26",0.0000237532,-36.8581,174.764
1252.06,"2014-01-08 16:24:27",0.0000204316,-36.8581,174.764
1252.06,"2014-01-08 16:24:28",0.0000140584,-36.8581,174.764
1252.06,"2014-01-08 16:24:30",0.00000364674,-36.8581,174.764
1252.06,"2014-01-08 16:24:31",0.00000106695,-36.8581,174.764
1252.06,"2014-01-08 16:24:32",0.000000730194,-36.8581,174.764
1252.06,"2014-01-08 16:24:35",0.000000804378,-36.8581,174.764
1263.55,"2014-01-08 16:24:36",2.48262,-36.8581,174.764
1263.55,"2014-01-08 16:24:37",2.07282,-36.858,174.764
1263.55,"2014-01-08 16:24:39",0.49799,-36.858,174.764
1263.55,"2014-01-08 16:24:41",0.141703,-36.8581,174.764
1263.55,"2014-01-08 16:24:43",0.181952,-36.8581,174.764
1263.55,"2014-01-08 16:24:44",0.101984,-36.8581,174.764
1263.55,"2014-01-08 16:24:45",0.0542592,-36.8581,174.764
1263.55,"2014-01-08 16:24:47",0.00487125,-36.8581,174.764
1263.55,"2014-01-08 16:24:48",0.00462185,-36.8581,174.764
1263.55,"2014-01-08 16:24:49",0.00689159,-36.8581,174.764
1263.55,"2014-01-08 16:24:50",0.00605126,-36.8581,174.764
1263.55,"2014-01-08 16:24:51",0.00413818,-36.8581,174.764
1263.55,"2014-01-08 16:24:52",0.00229702,-36.8581,174.764
1263.55,"2014-01-08 16:24:54",0.000220026,-36.8581,174.764
1263.55,"2014-01-08 16:24:56",0.000261586,-36.8581,174.764
1263.55,"2014-01-08 16:24:58",0.000240894,-36.8581,174.764
1263.55,"2014-01-08 16:24:59",0.000102221,-36.8581,174.764
1263.55,"2014-01-08 16:25:00",0.0000456712,-36.8581,174.764
1263.55,"2014-01-08 16:25:01",0.0000116013,-36.8581,174.764
1263.55,"2014-01-08 16:25:02",0.00000580445,-36.8581,174.764
1263.55,"2014-01-08 16:25:04",0.0000100171,-36.8581,174.764
1274.04,"2014-01-08 16:25:06",3.3898,-36.8581,174.764
1278.97,"2014-01-08 16:25:07",3.92878,-36.8582,174.764
1284.86,"2014-01-08 16:25:08",4.57115,-36.8582,174.764
1298.84,"2014-01-08 16:25:10",6.31913,-36.8584,174.764
1307.24,"2014-01-08 16:25:11",7.01848,-36.8584,174.764
1315.84,"2014-01-08 16:25:13",7.95732,-36.8585,174.764
1336.1,"2014-01-08 16:25:14",9.51262,-36.8587,174.764
1347.81,"2014-01-08 16:25:15",10.3916,-36.8588,174.764
1360.08,"2014-01-08 16:25:16",10.9725,-36.8589,174.763
1372.68,"2014-01-08 16:25:17",11.4954,-36.859,174.763
1399.53,"2014-01-08 16:25:19",12.8683,-36.8592,174.763
1414.99,"2014-01-08 16:25:20",13.6754,-36.8594,174.763
1449.01,"2014-01-08 16:25:22",15.4862,-36.8596,174.763
1482.77,"2014-01-08 16:25:24",16.1305,-36.8599,174.763
1498.76,"2014-01-08 16:25:25",15.8776,-36.86,174.763
1526.98,"2014-01-08 16:25:27",15.3248,-36.8603,174.763
1541.69,"2014-01-08 16:25:28",14.8846,-36.8604,174.763
1572.96,"2014-01-08 16:25:30",14.9092,-36.8607,174.763
1591.61,"2014-01-08 16:25:31",15.4271,-36.8608,174.763
1612.29,"2014-01-08 16:25:32",16.1411,-36.861,174.763
1651.68,"2014-01-08 16:25:34",18.4944,-36.8612,174.763
1673.55,"2014-01-08 16:25:35",19.384,-36.8614,174.764
1695.69,"2014-01-08 16:25:36",20.0629,-36.8616,174.764
1717.63,"2014-01-08 16:25:37",20.5988,-36.8618,174.764
1761.24,"2014-01-08 16:25:39",21.4027,-36.8621,174.764
1782.85,"2014-01-08 16:25:40",21.2325,-36.8623,174.764
1802.84,"2014-01-08 16:25:41",20.8174,-36.8624,174.764
1822.01,"2014-01-08 16:25:42",20.134,-36.8626,174.764
1841.18,"2014-01-08 16:25:43",19.4182,-36.8627,174.765
1877.65,"2014-01-08 16:25:45",19.3946,-36.863,174.765
1898.39,"2014-01-08 16:25:46",19.6011,-36.8631,174.765
1920.87,"2014-01-08 16:25:47",19.9889,-36.8633,174.765
1967.07,"2014-01-08 16:25:49",22.6423,-36.8635,174.766
1991.43,"2014-01-08 16:25:50",23.2772,-36.8637,174.766
2016.2,"2014-01-08 16:25:51",23.1066,-36.8638,174.766
2037.84,"2014-01-08 16:25:53",24.094,-36.8639,174.766
2085.31,"2014-01-08 16:25:54",22.6047,-36.8642,174.767
2130.25,"2014-01-08 16:25:56",22.9708,-36.8645,174.767
2151.65,"2014-01-08 16:25:58",22.4158,-36.8647,174.767
2193.58,"2014-01-08 16:25:59",21.2683,-36.865,174.767
2237.6,"2014-01-08 16:26:01",21.7033,-36.8654,174.767
2259.9,"2014-01-08 16:26:02",21.5574,-36.8656,174.767
2281.78,"2014-01-08 16:26:03",21.5191,-36.8658,174.768
2324.77,"2014-01-08 16:26:05",22.0654,-36.8661,174.768
2346.97,"2014-01-08 16:26:06",22.0084,-36.8663,174.768
2369.38,"2014-01-08 16:26:07",21.7169,-36.8665,174.768
2412.95,"2014-01-08 16:26:09",22.0665,-36.8669,174.768
2457.45,"2014-01-08 16:26:11",22.1968,-36.8673,174.768
2480.07,"2014-01-08 16:26:12",22.2906,-36.8674,174.768
2503.08,"2014-01-08 16:26:13",22.1594,-36.8676,174.768
2547.93,"2014-01-08 16:26:15",22.4467,-36.8679,174.769
2592.28,"2014-01-08 16:26:17",22.0576,-36.8682,174.769
2614.65,"2014-01-08 16:26:18",22.0993,-36.8683,174.769
2637.88,"2014-01-08 16:26:19",22.4077,-36.8685,174.77
2661.24,"2014-01-08 16:26:20",22.7934,-36.8686,174.77
2684.72,"2014-01-08 16:26:21",23.0321,-36.8687,174.77
2707.38,"2014-01-08 16:26:23",23.2287,-36.8689,174.77
2752.12,"2014-01-08 16:26:24",22.8258,-36.8691,174.77
2775.2,"2014-01-08 16:26:25",21.8722,-36.8692,174.771
2818.24,"2014-01-08 16:26:27",21.8972,-36.8695,174.771
2862.52,"2014-01-08 16:26:29",22.2332,-36.8698,174.771
2906.32,"2014-01-08 16:26:31",21.8467,-36.8701,174.772
2928.2,"2014-01-08 16:26:32",21.7885,-36.8702,174.772
2972.15,"2014-01-08 16:26:34",22.2715,-36.8705,174.772
2994.58,"2014-01-08 16:26:35",22.1622,-36.8707,174.772
3017.17,"2014-01-08 16:26:36",21.9557,-36.8708,174.773
3039.31,"2014-01-08 16:26:37",21.9845,-36.871,174.773
3061.46,"2014-01-08 16:26:38",22.3041,-36.8711,174.773
3106.9,"2014-01-08 16:26:40",22.2773,-36.8715,174.773
3151.28,"2014-01-08 16:26:42",22.3248,-36.8718,174.773
3151.28,"2014-01-08 16:26:43",22.3248,-36.8718,174.773
3195.76,"2014-01-08 16:26:44",21.6242,-36.872,174.774
3240.3,"2014-01-08 16:26:46",22.8979,-36.8723,174.774
3264.18,"2014-01-08 16:26:47",23.0987,-36.8724,174.774
3287.81,"2014-01-08 16:26:48",23.3928,-36.8726,174.775
3334.03,"2014-01-08 16:26:50",23.8044,-36.8728,174.775
3358.25,"2014-01-08 16:26:51",23.648,-36.8729,174.775
3381.56,"2014-01-08 16:26:52",23.303,-36.873,174.776
3404.62,"2014-01-08 16:26:53",23.0756,-36.8731,174.776
3427.62,"2014-01-08 16:26:54",22.8382,-36.8732,174.776
3495.28,"2014-01-08 16:26:57",23.0742,-36.8734,174.777
3516.38,"2014-01-08 16:26:58",20.5818,-36.8735,174.777
3559.28,"2014-01-08 16:27:00",21.7767,-36.8737,174.777
3581.89,"2014-01-08 16:27:01",21.2974,-36.8738,174.778
3603.47,"2014-01-08 16:27:02",21.3035,-36.8738,174.778
3624.96,"2014-01-08 16:27:03",22.3681,-36.8739,174.778
3673.66,"2014-01-08 16:27:05",23.4334,-36.8741,174.779
3698.53,"2014-01-08 16:27:06",23.7198,-36.8743,174.779
3723.41,"2014-01-08 16:27:07",24.1376,-36.8744,174.779
3748.69,"2014-01-08 16:27:08",24.1238,-36.8745,174.779
3796.88,"2014-01-08 16:27:10",24.1684,-36.8748,174.78
3821.04,"2014-01-08 16:27:11",23.9235,-36.8749,174.78
3869.79,"2014-01-08 16:27:13",24.0769,-36.8752,174.78
3919.38,"2014-01-08 16:27:15",24.7542,-36.8756,174.781
3970.03,"2014-01-08 16:27:17",24.821,-36.8759,174.781
3995.17,"2014-01-08 16:27:18",24.7162,-36.8761,174.781
4020.02,"2014-01-08 16:27:19",24.5734,-36.8763,174.781
4068.22,"2014-01-08 16:27:21",25.1583,-36.8767,174.782
4092.34,"2014-01-08 16:27:22",24.5597,-36.8768,174.782
4116.32,"2014-01-08 16:27:23",23.6859,-36.877,174.782
4163.01,"2014-01-08 16:27:25",23.1784,-36.8774,174.782
4209.25,"2014-01-08 16:27:27",23.1922,-36.8777,174.782
4232.54,"2014-01-08 16:27:29",23.2348,-36.8779,174.783
4280.53,"2014-01-08 16:27:30",24.3777,-36.8782,174.783
4306.42,"2014-01-08 16:27:31",24.2535,-36.8784,174.783
4331.42,"2014-01-08 16:27:32",24.0579,-36.8786,174.783
4354.91,"2014-01-08 16:27:34",24.8225,-36.8787,174.783
4406.26,"2014-01-08 16:27:35",25.1294,-36.8791,174.784
4431.51,"2014-01-08 16:27:36",25.0174,-36.8793,174.784
4456.36,"2014-01-08 16:27:37",24.8476,-36.8795,174.784
4479.74,"2014-01-08 16:27:39",25.2989,-36.8796,174.784
4530.77,"2014-01-08 16:27:41",23.2487,-36.88,174.785
4574.08,"2014-01-08 16:27:42",23.1283,-36.8803,174.785
4597.02,"2014-01-08 16:27:43",22.5804,-36.8805,174.785
4640.96,"2014-01-08 16:27:45",22.7899,-36.8808,174.785
4687.11,"2014-01-08 16:27:47",22.8591,-36.8811,174.786
4711.52,"2014-01-08 16:27:48",23.048,-36.8813,174.786
4737.26,"2014-01-08 16:27:50",22.8805,-36.8814,174.786
4787.39,"2014-01-08 16:27:51",26.2976,-36.8818,174.786
4816.55,"2014-01-08 16:27:52",26.7787,-36.882,174.787
4844.97,"2014-01-08 16:27:53",26.9798,-36.8822,174.787
4901.54,"2014-01-08 16:27:55",28.1999,-36.8826,174.787
4931.23,"2014-01-08 16:27:56",27.7567,-36.8828,174.787
4987.53,"2014-01-08 16:27:58",28.4082,-36.8832,174.788
5044.5,"2014-01-08 16:28:00",29.6998,-36.8836,174.788
5075.03,"2014-01-08 16:28:01",29.1393,-36.8838,174.789
5103.36,"2014-01-08 16:28:02",28.5059,-36.884,174.789
5130.06,"2014-01-08 16:28:04",29.0333,-36.8842,174.789
5187.84,"2014-01-08 16:28:05",28.0734,-36.8846,174.789
5243.69,"2014-01-08 16:28:07",28.3178,-36.8849,174.79
5271.75,"2014-01-08 16:28:09",28.3297,-36.8851,174.79
5327.12,"2014-01-08 16:28:11",27.3235,-36.8854,174.79
5353.9,"2014-01-08 16:28:12",27.0406,-36.8856,174.791
5409.05,"2014-01-08 16:28:14",27.1144,-36.8859,174.791
5462.87,"2014-01-08 16:28:16",27.8059,-36.8862,174.792
5490.5,"2014-01-08 16:28:17",27.5747,-36.8863,174.792
5517.32,"2014-01-08 16:28:18",27.1344,-36.8865,174.792
5543.8,"2014-01-08 16:28:19",26.7866,-36.8866,174.792
5570.33,"2014-01-08 16:28:20",26.497,-36.8867,174.793
5597.77,"2014-01-08 16:28:21",25.5343,-36.8869,174.793
5648.55,"2014-01-08 16:28:23",26.5343,-36.8871,174.793
5675.64,"2014-01-08 16:28:24",26.5057,-36.8872,174.794
5701.94,"2014-01-08 16:28:25",26.3177,-36.8874,174.794
5728.03,"2014-01-08 16:28:26",26.1164,-36.8875,174.794
5754,"2014-01-08 16:28:27",25.8199,-36.8876,174.794
5781.85,"2014-01-08 16:28:28",24.4549,-36.8877,174.795
5803.06,"2014-01-08 16:28:30",26.3002,-36.8878,174.795
5858.35,"2014-01-08 16:28:31",25.7301,-36.888,174.795
5885.95,"2014-01-08 16:28:32",23.622,-36.8881,174.796
5931.59,"2014-01-08 16:28:34",25.964,-36.8883,174.796
5957.98,"2014-01-08 16:28:35",24.5454,-36.8885,174.796
6000.54,"2014-01-08 16:28:37",23.2379,-36.8886,174.797
6050.02,"2014-01-08 16:28:39",24.2776,-36.8889,174.797
6109.16,"2014-01-08 16:28:41",27.6825,-36.8892,174.798
6139.86,"2014-01-08 16:28:42",28.1793,-36.8894,174.798
6169.45,"2014-01-08 16:28:43",27.8685,-36.8896,174.798
6197.01,"2014-01-08 16:28:44",27.2476,-36.8897,174.799
6248.92,"2014-01-08 16:28:46",27.0315,-36.8901,174.799
6274.19,"2014-01-08 16:28:47",26.4691,-36.8902,174.799
6321.73,"2014-01-08 16:28:49",25.8122,-36.8905,174.8
6321.73,"2014-01-08 16:28:50",25.8122,-36.8905,174.8
6369.27,"2014-01-08 16:28:51",24.136,-36.8908,174.8
6417.99,"2014-01-08 16:28:53",25.1654,-36.8911,174.8
6444.74,"2014-01-08 16:28:54",24.8514,-36.8912,174.801
6495.05,"2014-01-08 16:28:56",25.1075,-36.8915,174.801
6545.72,"2014-01-08 16:28:58",24.6514,-36.8918,174.802
6568.58,"2014-01-08 16:29:00",25.282,-36.8919,174.802
6619.68,"2014-01-08 16:29:01",24.783,-36.8922,174.802
6644.97,"2014-01-08 16:29:02",24.4758,-36.8923,174.802
6692.68,"2014-01-08 16:29:04",25.3183,-36.8926,174.803
6718.41,"2014-01-08 16:29:05",25.4433,-36.8927,174.803
6743.85,"2014-01-08 16:29:06",25.1145,-36.8928,174.803
6793.97,"2014-01-08 16:29:08",24.076,-36.8931,174.804
6816.74,"2014-01-08 16:29:10",24.73,-36.8932,174.804
6893.49,"2014-01-08 16:29:12",25.545,-36.8937,174.805
6920.21,"2014-01-08 16:29:13",25.294,-36.8938,174.805
6945.57,"2014-01-08 16:29:14",25.3917,-36.894,174.805
6970.29,"2014-01-08 16:29:15",26.2302,-36.8942,174.805
7025.18,"2014-01-08 16:29:17",25.9418,-36.8945,174.806
7077.03,"2014-01-08 16:29:19",26.16,-36.8948,174.806
7103.43,"2014-01-08 16:29:20",26.0536,-36.895,174.806
7129.74,"2014-01-08 16:29:21",26.0953,-36.8952,174.807
7156.5,"2014-01-08 16:29:22",25.9963,-36.8954,174.807
7209.58,"2014-01-08 16:29:24",27.0233,-36.8958,174.807
7237,"2014-01-08 16:29:25",26.8652,-36.896,174.807
7264.23,"2014-01-08 16:29:26",26.7761,-36.8962,174.807
7317.64,"2014-01-08 16:29:28",27.5582,-36.8966,174.808
7346.45,"2014-01-08 16:29:29",27.4534,-36.8969,174.808
7374.37,"2014-01-08 16:29:30",27.0988,-36.8971,174.808
7428.32,"2014-01-08 16:29:32",26.1071,-36.8975,174.808
7479.4,"2014-01-08 16:29:34",26.5102,-36.898,174.808
7505.57,"2014-01-08 16:29:35",26.3388,-36.8982,174.808
7557.47,"2014-01-08 16:29:37",26.7333,-36.8986,174.809
7584.09,"2014-01-08 16:29:38",26.209,-36.8988,174.809
7610.07,"2014-01-08 16:29:39",25.5149,-36.8991,174.809
7634.68,"2014-01-08 16:29:40",25.5466,-36.8993,174.809
7685.89,"2014-01-08 16:29:42",25.4,-36.8997,174.809
7737.55,"2014-01-08 16:29:44",25.4364,-36.9001,174.809
7762.59,"2014-01-08 16:29:45",26.0267,-36.9003,174.809
7815.68,"2014-01-08 16:29:47",25.9843,-36.9008,174.81
7841.95,"2014-01-08 16:29:48",25.6483,-36.901,174.81
7894.52,"2014-01-08 16:29:50",25.9845,-36.9014,174.81
7947.14,"2014-01-08 16:29:52",26.8404,-36.9019,174.81
7974.05,"2014-01-08 16:29:53",26.7426,-36.9021,174.81
8026.7,"2014-01-08 16:29:55",26.3908,-36.9025,174.811
8052.86,"2014-01-08 16:29:56",25.635,-36.9027,174.811
8104.57,"2014-01-08 16:29:58",25.7965,-36.9031,174.811
8157.18,"2014-01-08 16:30:00",26.0992,-36.9035,174.811
8212.53,"2014-01-08 16:30:02",26.629,-36.9039,174.812
8238.92,"2014-01-08 16:30:03",26.4228,-36.904,174.812
8290.73,"2014-01-08 16:30:05",27.0311,-36.9044,174.813
8317.42,"2014-01-08 16:30:06",26.4195,-36.9045,174.813
8342.65,"2014-01-08 16:30:07",25.5597,-36.9046,174.813
8366.91,"2014-01-08 16:30:08",24.9211,-36.9048,174.813
8415.88,"2014-01-08 16:30:10",24.1601,-36.905,174.814
8463.9,"2014-01-08 16:30:12",24.8409,-36.9052,174.814
8487.96,"2014-01-08 16:30:13",24.4583,-36.9053,174.814
8511.6,"2014-01-08 16:30:14",23.3926,-36.9054,174.815
8532.61,"2014-01-08 16:30:15",23.0183,-36.9055,174.815
8576.4,"2014-01-08 16:30:17",21.3836,-36.9057,174.815
8618.47,"2014-01-08 16:30:19",21.4744,-36.9058,174.816
8640.07,"2014-01-08 16:30:20",21.2153,-36.9059,174.816
8683.94,"2014-01-08 16:30:22",21.0582,-36.9061,174.816
8705.94,"2014-01-08 16:30:23",20.4995,-36.9061,174.817
8747.87,"2014-01-08 16:30:25",22.3976,-36.9063,174.817
8771.16,"2014-01-08 16:30:26",22.0579,-36.9064,174.817
8815.4,"2014-01-08 16:30:28",22.4643,-36.9066,174.818
8861.31,"2014-01-08 16:30:30",22.5993,-36.9068,174.818
8885.28,"2014-01-08 16:30:31",22.2692,-36.9069,174.818
8931.5,"2014-01-08 16:30:33",23.4042,-36.9071,174.819
8955.75,"2014-01-08 16:30:34",23.6737,-36.9073,174.819
8979.82,"2014-01-08 16:30:35",23.682,-36.9074,174.819
9005.22,"2014-01-08 16:30:36",22.6416,-36.9076,174.819
9049.86,"2014-01-08 16:30:38",23.8872,-36.9079,174.82
9098.41,"2014-01-08 16:30:40",24.2871,-36.9083,174.82
9122.75,"2014-01-08 16:30:41",22.6958,-36.9084,174.82
9164.07,"2014-01-08 16:30:43",21.9307,-36.9088,174.82
9185.11,"2014-01-08 16:30:44",20.7912,-36.9089,174.821
9202.48,"2014-01-08 16:30:45",21.142,-36.9091,174.821
9243.62,"2014-01-08 16:30:47",19.9513,-36.9094,174.821
9279.83,"2014-01-08 16:30:49",19.2113,-36.9097,174.821
9298.23,"2014-01-08 16:30:50",18.4654,-36.9098,174.821
9315.63,"2014-01-08 16:30:51",17.9075,-36.9099,174.821
9333.99,"2014-01-08 16:30:52",16.9877,-36.9101,174.821
9369.96,"2014-01-08 16:30:54",18.8275,-36.9104,174.822
9389.64,"2014-01-08 16:30:55",19.5839,-36.9105,174.822
9430.21,"2014-01-08 16:30:57",19.4491,-36.9108,174.822
9474.06,"2014-01-08 16:30:59",19.851,-36.9112,174.822
9494.49,"2014-01-08 16:31:00",20.842,-36.9113,174.822
9539.77,"2014-01-08 16:31:02",22.0903,-36.9117,174.823
9561.24,"2014-01-08 16:31:03",21.6045,-36.9119,174.823
9601.7,"2014-01-08 16:31:05",22.1261,-36.9122,174.823
9643.2,"2014-01-08 16:31:07",20.8696,-36.9125,174.823
9661.83,"2014-01-08 16:31:08",19.7376,-36.9126,174.823
9681.32,"2014-01-08 16:31:09",18.0085,-36.9128,174.823
9698.13,"2014-01-08 16:31:11",18.2012,-36.9129,174.823
9738.8,"2014-01-08 16:31:12",20.403,-36.9132,174.824
9761.76,"2014-01-08 16:31:13",21.1793,-36.9134,174.824
9785.81,"2014-01-08 16:31:14",21.2786,-36.9135,174.824
9807.42,"2014-01-08 16:31:16",22.1419,-36.9137,174.824
9851.98,"2014-01-08 16:31:17",20.7835,-36.914,174.825
9892.33,"2014-01-08 16:31:19",20.7825,-36.9142,174.825
9912.2,"2014-01-08 16:31:20",20.2387,-36.9143,174.825
9951.23,"2014-01-08 16:31:22",19.6815,-36.9145,174.826
9970.99,"2014-01-08 16:31:23",19.2789,-36.9146,174.826
10010.6,"2014-01-08 16:31:25",18.8489,-36.9147,174.826
10047.3,"2014-01-08 16:31:27",19.6703,-36.9149,174.826
10067.5,"2014-01-08 16:31:28",19.5196,-36.9149,174.827
10086.9,"2014-01-08 16:31:29",19.1364,-36.915,174.827
10106,"2014-01-08 16:31:30",19.0027,-36.9151,174.827
10144.2,"2014-01-08 16:31:32",18.8042,-36.9152,174.827
10181.7,"2014-01-08 16:31:34",19.2754,-36.9153,174.828
10200.1,"2014-01-08 16:31:36",19.1086,-36.9153,174.828
10249.6,"2014-01-08 16:31:38",16.415,-36.9154,174.829
10286.2,"2014-01-08 16:31:40",17.7442,-36.9154,174.829
10286.2,"2014-01-08 16:31:41",17.7442,-36.9154,174.829
10352.9,"2014-01-08 16:31:43",20.3898,-36.9156,174.83
10393.3,"2014-01-08 16:31:45",21.1476,-36.9157,174.83
10393.3,"2014-01-08 16:31:46",21.1476,-36.9157,174.83
10436.8,"2014-01-08 16:31:47",20.82,-36.9159,174.831
10481.3,"2014-01-08 16:31:49",21.2972,-36.916,174.831
10503.4,"2014-01-08 16:31:50",21.0866,-36.916,174.831
10546.6,"2014-01-08 16:31:52",21.7017,-36.9161,174.832
10587.8,"2014-01-08 16:31:54",21.6436,-36.9162,174.832
10608.6,"2014-01-08 16:31:55",21.3437,-36.9162,174.833
10629.6,"2014-01-08 16:31:56",20.2246,-36.9163,174.833
10667.2,"2014-01-08 16:31:58",19.3892,-36.9163,174.833
10705.6,"2014-01-08 16:32:00",19.5628,-36.9163,174.834
10724.8,"2014-01-08 16:32:01",19.8169,-36.9163,174.834
10765.1,"2014-01-08 16:32:03",18.9498,-36.9162,174.834
10804.5,"2014-01-08 16:32:05",20.0404,-36.916,174.835
10826,"2014-01-08 16:32:06",19.578,-36.9159,174.835
10866.3,"2014-01-08 16:32:08",19.7307,-36.9157,174.835
10903.9,"2014-01-08 16:32:10",19.6878,-36.9156,174.836
10925.5,"2014-01-08 16:32:11",18.6489,-36.9155,174.836
10965.2,"2014-01-08 16:32:13",20.377,-36.9155,174.836
10986.9,"2014-01-08 16:32:14",20.2181,-36.9155,174.837
11026.9,"2014-01-08 16:32:16",20.371,-36.9156,174.837
11046.6,"2014-01-08 16:32:17",19.9904,-36.9157,174.837
11084.5,"2014-01-08 16:32:19",18.95,-36.9158,174.838
11102.4,"2014-01-08 16:32:20",17.9621,-36.9158,174.838
11120,"2014-01-08 16:32:21",17.1943,-36.9158,174.838
11154.3,"2014-01-08 16:32:23",17.6909,-36.9158,174.838
11189.7,"2014-01-08 16:32:25",17.9501,-36.9157,174.839
11207.2,"2014-01-08 16:32:26",17.1301,-36.9157,174.839
11223.4,"2014-01-08 16:32:27",16.0876,-36.9157,174.839
11238.5,"2014-01-08 16:32:28",15.4916,-36.9156,174.839
11267.7,"2014-01-08 16:32:30",15.5582,-36.9156,174.84
11283,"2014-01-08 16:32:31",15.7292,-36.9156,174.84
11314.5,"2014-01-08 16:32:33",15.3344,-36.9155,174.84
11344.2,"2014-01-08 16:32:35",15.4023,-36.9154,174.84
11360,"2014-01-08 16:32:36",14.1257,-36.9154,174.841
11372.3,"2014-01-08 16:32:37",14.1827,-36.9154,174.841
11402,"2014-01-08 16:32:39",14.9758,-36.9153,174.841
11418.5,"2014-01-08 16:32:40",15.0443,-36.9153,174.841
11433.8,"2014-01-08 16:32:41",15.9153,-36.9153,174.841
11468.2,"2014-01-08 16:32:43",16.4956,-36.9152,174.842
11484.7,"2014-01-08 16:32:44",16.3652,-36.9152,174.842
11502.1,"2014-01-08 16:32:45",15.5422,-36.9151,174.842
11516,"2014-01-08 16:32:46",16.2021,-36.9151,174.842
11548.9,"2014-01-08 16:32:48",16.4305,-36.9151,174.843
11564,"2014-01-08 16:32:49",15.7806,-36.9151,174.843
11577.3,"2014-01-08 16:32:50",14.3468,-36.9151,174.843
11587.1,"2014-01-08 16:32:51",12.3781,-36.9151,174.843
11599.9,"2014-01-08 16:32:53",7.95587,-36.9151,174.843
11607.9,"2014-01-08 16:32:55",5.36579,-36.9151,174.843
11607.9,"2014-01-08 16:32:56",4.48644,-36.9151,174.843
11614.5,"2014-01-08 16:32:57",3.90261,-36.9151,174.843
11614.5,"2014-01-08 16:32:58",3.4765,-36.9151,174.843
11621.7,"2014-01-08 16:33:00",2.61499,-36.9152,174.843
11621.7,"2014-01-08 16:33:01",2.13323,-36.9152,174.843
11621.7,"2014-01-08 16:33:02",1.76036,-36.9152,174.844
11625.7,"2014-01-08 16:33:03",1.47901,-36.9152,174.844
11625.7,"2014-01-08 16:33:05",0.800266,-36.9152,174.844
11625.7,"2014-01-08 16:33:06",0.57812,-36.9152,174.844
11625.7,"2014-01-08 16:33:07",1.15733,-36.9152,174.843
11631,"2014-01-08 16:33:08",1.53011,-36.9152,174.843
11631,"2014-01-08 16:33:10",1.02075,-36.9152,174.843
11631,"2014-01-08 16:33:12",0.557565,-36.9152,174.843
11631,"2014-01-08 16:33:13",0.317166,-36.9152,174.843
11631,"2014-01-08 16:33:15",0.139601,-36.9152,174.843
11631,"2014-01-08 16:33:16",0.132439,-36.9152,174.843
11637.6,"2014-01-08 16:33:18",2.85011,-36.9152,174.844
11654,"2014-01-08 16:33:20",6.54093,-36.9152,174.844
11664.1,"2014-01-08 16:33:21",8.04201,-36.9152,174.844
11674.6,"2014-01-08 16:33:22",8.96923,-36.9152,174.844
11685.3,"2014-01-08 16:33:23",9.51808,-36.9153,174.844
11706.1,"2014-01-08 16:33:25",10.6247,-36.9153,174.844
11718.3,"2014-01-08 16:33:26",10.7243,-36.9153,174.844
11742.3,"2014-01-08 16:33:28",11.6684,-36.9153,174.845
11755.5,"2014-01-08 16:33:29",12.2592,-36.9153,174.845
11782.7,"2014-01-08 16:33:31",13.27,-36.9153,174.845
11796.7,"2014-01-08 16:33:32",13.0837,-36.9153,174.845
11810,"2014-01-08 16:33:33",12.9374,-36.9153,174.845
11836.5,"2014-01-08 16:33:35",13.6839,-36.9152,174.846
11862.2,"2014-01-08 16:33:37",13.0368,-36.9152,174.846
11862.2,"2014-01-08 16:33:39",13.0368,-36.9152,174.846
11900.4,"2014-01-08 16:33:40",12.478,-36.9151,174.846
11927.8,"2014-01-08 16:33:42",13.5329,-36.915,174.847
11943,"2014-01-08 16:33:43",13.899,-36.9149,174.847
11958.4,"2014-01-08 16:33:44",14.4408,-36.9149,174.847
11990.5,"2014-01-08 16:33:46",15.7531,-36.9148,174.847
12008.1,"2014-01-08 16:33:47",15.8318,-36.9147,174.848
12023.6,"2014-01-08 16:33:49",16.8559,-36.9147,174.848
12059.8,"2014-01-08 16:33:50",17.3371,-36.9146,174.848
12095.6,"2014-01-08 16:33:52",18.2109,-36.9145,174.849
12113.6,"2014-01-08 16:33:53",17.8638,-36.9145,174.849
12130.4,"2014-01-08 16:33:54",17.3564,-36.9144,174.849
12146.4,"2014-01-08 16:33:55",16.7267,-36.9144,174.849
12163.1,"2014-01-08 16:33:56",15.8893,-36.9144,174.849
12193.6,"2014-01-08 16:33:58",15.8001,-36.9143,174.85
12193.6,"2014-01-08 16:33:59",15.8001,-36.9143,174.85
12237.4,"2014-01-08 16:34:01",15.1375,-36.9143,174.85
12253.3,"2014-01-08 16:34:02",14.9917,-36.9143,174.85
12282,"2014-01-08 16:34:04",14.7567,-36.9143,174.851
12296.4,"2014-01-08 16:34:05",14.2056,-36.9143,174.851
12321.9,"2014-01-08 16:34:07",13.5946,-36.9142,174.851
12348.9,"2014-01-08 16:34:09",13.4076,-36.9141,174.851
12363.2,"2014-01-08 16:34:10",13.2172,-36.914,174.851
12390.4,"2014-01-08 16:34:12",13.7607,-36.9139,174.852
12405.1,"2014-01-08 16:34:13",13.349,-36.9138,174.852
12418,"2014-01-08 16:34:14",13.6906,-36.9137,174.852
12446.6,"2014-01-08 16:34:16",14.5015,-36.9135,174.852
12462.1,"2014-01-08 16:34:17",14.2235,-36.9134,174.852
12490.1,"2014-01-08 16:34:19",14.4277,-36.9131,174.852
12504.4,"2014-01-08 16:34:20",13.7098,-36.913,174.852
12516.9,"2014-01-08 16:34:21",13.1684,-36.9129,174.852
12539.7,"2014-01-08 16:34:23",12.048,-36.9127,174.852
12549.2,"2014-01-08 16:34:24",10.9294,-36.9126,174.852
12563.8,"2014-01-08 16:34:26",8.21403,-36.9125,174.852
12572,"2014-01-08 16:34:28",5.50923,-36.9124,174.852
12576.7,"2014-01-08 16:34:29",4.87443,-36.9124,174.852
12576.7,"2014-01-08 16:34:30",4.07396,-36.9123,174.852
12583.5,"2014-01-08 16:34:32",2.92751,-36.9123,174.852
12583.5,"2014-01-08 16:34:34",2.68669,-36.9123,174.852
12594.4,"2014-01-08 16:34:36",2.99253,-36.9122,174.852
12594.4,"2014-01-08 16:34:37",3.27761,-36.9122,174.852
12603.3,"2014-01-08 16:34:38",3.73544,-36.9121,174.852
12603.3,"2014-01-08 16:34:39",4.69233,-36.9121,174.852
12626.7,"2014-01-08 16:34:41",6.60885,-36.9119,174.853
12646.6,"2014-01-08 16:34:43",8.32616,-36.9118,174.853
12657.7,"2014-01-08 16:34:44",9.13029,-36.9117,174.853
12682.2,"2014-01-08 16:34:46",10.6561,-36.9115,174.853
12706.3,"2014-01-08 16:34:48",11.6586,-36.9113,174.853
12719.7,"2014-01-08 16:34:49",12.112,-36.9113,174.853
12733.4,"2014-01-08 16:34:50",12.274,-36.9112,174.853
12760.2,"2014-01-08 16:34:52",12.7345,-36.9111,174.854
12773.1,"2014-01-08 16:34:53",12.6982,-36.9111,174.854
12786.3,"2014-01-08 16:34:54",12.3917,-36.911,174.854
12810.8,"2014-01-08 16:34:56",12.3012,-36.911,174.854
12837.9,"2014-01-08 16:34:58",13.4565,-36.9109,174.854
12852.9,"2014-01-08 16:34:59",13.7163,-36.9109,174.855
12883.5,"2014-01-08 16:35:01",15.0463,-36.911,174.855
12900.1,"2014-01-08 16:35:02",15.3849,-36.911,174.855
12916.1,"2014-01-08 16:35:03",15.5282,-36.9111,174.855
12932.5,"2014-01-08 16:35:04",15.3565,-36.9111,174.855
12964.9,"2014-01-08 16:35:06",15.8297,-36.9112,174.856
12999.2,"2014-01-08 16:35:08",17.0073,-36.9114,174.856
13017,"2014-01-08 16:35:09",17.2666,-36.9114,174.856
13034.8,"2014-01-08 16:35:10",17.35,-36.9115,174.856
13069.7,"2014-01-08 16:35:12",17.4377,-36.9116,174.857
13103,"2014-01-08 16:35:14",16.6056,-36.9117,174.857
13135.4,"2014-01-08 16:35:16",16.5202,-36.9119,174.858
13152.1,"2014-01-08 16:35:17",16.3348,-36.9119,174.858
13168.6,"2014-01-08 16:35:18",16.2083,-36.912,174.858
13184.9,"2014-01-08 16:35:19",16.4146,-36.912,174.858
13219.3,"2014-01-08 16:35:21",16.7505,-36.9121,174.858
13253.7,"2014-01-08 16:35:23",17.6059,-36.9123,174.859
13272,"2014-01-08 16:35:24",17.3929,-36.9123,174.859
13289.3,"2014-01-08 16:35:25",17.0184,-36.9124,174.859
13322,"2014-01-08 16:35:27",17.123,-36.9125,174.859
13339.4,"2014-01-08 16:35:28",17.2158,-36.9126,174.86
13356.9,"2014-01-08 16:35:29",17.176,-36.9126,174.86
13374.3,"2014-01-08 16:35:30",17.1953,-36.9127,174.86
13391.9,"2014-01-08 16:35:31",17.311,-36.9128,174.86
13410.2,"2014-01-08 16:35:32",17.3753,-36.9128,174.86
13428.4,"2014-01-08 16:35:33",17.6171,-36.9129,174.861
13445.7,"2014-01-08 16:35:34",18.23,-36.9129,174.861
13480.1,"2014-01-08 16:35:36",17.4933,-36.9131,174.861
13496.2,"2014-01-08 16:35:37",16.8001,-36.9131,174.861
13511.5,"2014-01-08 16:35:38",15.9998,-36.9132,174.861
13526.2,"2014-01-08 16:35:39",15.3462,-36.9132,174.862
13540.8,"2014-01-08 16:35:40",14.9658,-36.9133,174.862
13555.7,"2014-01-08 16:35:41",14.8972,-36.9133,174.862
13586.9,"2014-01-08 16:35:43",15.7932,-36.9134,174.862
13604.2,"2014-01-08 16:35:44",15.8762,-36.9135,174.862
13638.1,"2014-01-08 16:35:46",16.3919,-36.9136,174.863
13672.2,"2014-01-08 16:35:48",17.2162,-36.9137,174.863
13689.3,"2014-01-08 16:35:49",17.1976,-36.9138,174.863
13723.2,"2014-01-08 16:35:51",16.6917,-36.9139,174.864
13740.2,"2014-01-08 16:35:52",16.4319,-36.914,174.864
13773.4,"2014-01-08 16:35:54",17.0871,-36.9141,174.864
13790.7,"2014-01-08 16:35:55",16.9355,-36.9142,174.864
13807.9,"2014-01-08 16:35:56",16.5891,-36.9142,174.864
13842.3,"2014-01-08 16:35:58",17.1099,-36.9143,174.865
13859.6,"2014-01-08 16:35:59",17.3907,-36.9144,174.865
13895.5,"2014-01-08 16:36:01",17.5914,-36.9145,174.865
13914,"2014-01-08 16:36:02",17.4011,-36.9146,174.866
13931.9,"2014-01-08 16:36:03",17.2363,-36.9147,174.866
13947.8,"2014-01-08 16:36:05",18.2561,-36.9148,174.866
13985.3,"2014-01-08 16:36:06",18.1342,-36.9149,174.866
14002.7,"2014-01-08 16:36:07",17.7376,-36.915,174.866
14019.6,"2014-01-08 16:36:08",17.2907,-36.9151,174.867
14035.7,"2014-01-08 16:36:10",17.2504,-36.9151,174.867
14070.1,"2014-01-08 16:36:11",16.2527,-36.9153,174.867
14101,"2014-01-08 16:36:13",16.191,-36.9154,174.867
14117.3,"2014-01-08 16:36:14",15.9182,-36.9155,174.868
14148.9,"2014-01-08 16:36:16",16.0233,-36.9156,174.868
14180.9,"2014-01-08 16:36:18",15.7431,-36.9158,174.868
14197.2,"2014-01-08 16:36:20",15.9917,-36.9158,174.868
14230.2,"2014-01-08 16:36:21",16.8322,-36.9159,174.869
14248.1,"2014-01-08 16:36:22",17.1065,-36.9159,174.869
14265.8,"2014-01-08 16:36:23",17.168,-36.9159,174.869
14283.3,"2014-01-08 16:36:24",16.8775,-36.9158,174.869
14316.5,"2014-01-08 16:36:26",16.2504,-36.9157,174.87
14332.1,"2014-01-08 16:36:27",15.7698,-36.9157,174.87
14347.5,"2014-01-08 16:36:28",15.3465,-36.9156,174.87
14362.3,"2014-01-08 16:36:29",14.803,-36.9155,174.87
14388.5,"2014-01-08 16:36:31",14.0175,-36.9153,174.87
14400.4,"2014-01-08 16:36:32",12.6422,-36.9153,174.87
14417,"2014-01-08 16:36:34",9.74988,-36.9151,174.871
14422.6,"2014-01-08 16:36:35",7.90203,-36.9151,174.871
14422.6,"2014-01-08 16:36:36",5.7151,-36.9151,174.871
14422.6,"2014-01-08 16:36:38",1.75761,-36.9151,174.871
14422.6,"2014-01-08 16:36:40",0.518464,-36.9151,174.871
14422.6,"2014-01-08 16:36:41",0.646034,-36.9151,174.871
14422.6,"2014-01-08 16:36:43",0.345918,-36.9151,174.871
14422.6,"2014-01-08 16:36:44",0.180078,-36.9151,174.871
14422.6,"2014-01-08 16:36:46",0.0158676,-36.9151,174.871
14422.6,"2014-01-08 16:36:47",0.0182284,-36.9151,174.871
14422.6,"2014-01-08 16:36:49",0.0208046,-36.9151,174.871
14422.6,"2014-01-08 16:36:50",0.0208046,-36.9151,174.871
14422.6,"2014-01-08 16:36:52",0.00319975,-36.9151,174.871
14422.6,"2014-01-08 16:36:53",0.000659965,-36.9151,174.871
14422.6,"2014-01-08 16:36:55",0.000688437,-36.9151,174.871
14422.6,"2014-01-08 16:36:56",0.000801413,-36.9151,174.871
14422.6,"2014-01-08 16:36:58",0.000339015,-36.9151,174.871
14422.6,"2014-01-08 16:36:59",0.000156364,-36.9151,174.871
14422.6,"2014-01-08 16:37:00",0.0000468755,-36.9151,174.871
14422.6,"2014-01-08 16:37:02",0.0000346687,-36.9151,174.871
14422.6,"2014-01-08 16:37:04",0.0000255155,-36.9151,174.871
14422.6,"2014-01-08 16:37:05",0.0000158475,-36.9151,174.871
14422.6,"2014-01-08 16:37:07",0.0000027112,-36.9151,174.871
14422.6,"2014-01-08 16:37:08",0.000000518515,-36.9151,174.871
14422.6,"2014-01-08 16:37:09",0.00000131758,-36.9151,174.871
14422.6,"2014-01-08 16:37:10",0.00000142347,-36.9151,174.871
14422.6,"2014-01-08 16:37:11",0.00000101197,-36.9151,174.871
14422.6,"2014-01-08 16:37:13",0.000000316183,-36.9151,174.871
14422.6,"2014-01-08 16:37:14",0.000000115229,-36.9151,174.871
14422.6,"2014-01-08 16:37:15",0.0000000209187,-36.9151,174.871
14422.6,"2014-01-08 16:37:17",0.76994,-36.9151,174.871
14432.4,"2014-01-08 16:37:19",3.30133,-36.915,174.871
14439.7,"2014-01-08 16:37:20",4.83484,-36.915,174.871
14459.7,"2014-01-08 16:37:22",8.3125,-36.9148,174.87
14484.3,"2014-01-08 16:37:24",11.2023,-36.9146,174.87
14497.8,"2014-01-08 16:37:25",11.8134,-36.9145,174.87
14523.1,"2014-01-08 16:37:27",12.5357,-36.9143,174.87
14549.8,"2014-01-08 16:37:29",13.2401,-36.9141,174.87
14562.8,"2014-01-08 16:37:30",13.1041,-36.914,174.87
14587.6,"2014-01-08 16:37:32",12.0012,-36.9138,174.87
14613,"2014-01-08 16:37:34",12.8305,-36.9135,174.87
14613,"2014-01-08 16:37:35",12.8305,-36.9135,174.87
14653.1,"2014-01-08 16:37:37",13.9646,-36.9132,174.87
14666.8,"2014-01-08 16:37:38",13.8032,-36.9131,174.87
14690.4,"2014-01-08 16:37:40",12.595,-36.9129,174.87
14700.1,"2014-01-08 16:37:41",11.2519,-36.9128,174.87
14715.2,"2014-01-08 16:37:43",8.96115,-36.9127,174.869
14722.7,"2014-01-08 16:37:44",8.03136,-36.9126,174.869
14730,"2014-01-08 16:37:45",8.02413,-36.9125,174.869
14748,"2014-01-08 16:37:47",8.7042,-36.9124,174.869
14757.6,"2014-01-08 16:37:48",8.98385,-36.9123,174.869
14766.7,"2014-01-08 16:37:49",8.9133,-36.9122,174.869
14775.3,"2014-01-08 16:37:50",8.69767,-36.9121,174.869
14791.1,"2014-01-08 16:37:52",8.41101,-36.912,174.869
14798.6,"2014-01-08 16:37:53",8.02951,-36.9119,174.869
14798.6,"2014-01-08 16:37:54",7.59258,-36.9119,174.869
14811.3,"2014-01-08 16:37:55",7.07952,-36.9118,174.869
14818.3,"2014-01-08 16:37:56",6.64158,-36.9118,174.869
14838,"2014-01-08 16:37:58",7.27151,-36.9117,174.869
14864.6,"2014-01-08 16:38:00",9.84662,-36.9116,174.87
14879.3,"2014-01-08 16:38:01",11.2026,-36.9116,174.87
14897.6,"2014-01-08 16:38:02",13.2233,-36.9116,174.87
14913.3,"2014-01-08 16:38:03",13.8085,-36.9116,174.87
14945.2,"2014-01-08 16:38:05",15.8235,-36.9115,174.871
14962.8,"2014-01-08 16:38:06",16.4594,-36.9115,174.871
14998.2,"2014-01-08 16:38:08",17.2344,-36.9114,174.871
15015.5,"2014-01-08 16:38:09",17.127,-36.9114,174.871
15032.2,"2014-01-08 16:38:10",16.7343,-36.9113,174.872
15065.8,"2014-01-08 16:38:12",16.8862,-36.9112,174.872
15100.7,"2014-01-08 16:38:14",17.2341,-36.9111,174.872
15118.5,"2014-01-08 16:38:15",17.4294,-36.9111,174.872
15152.3,"2014-01-08 16:38:17",17.454,-36.911,174.873
15169.1,"2014-01-08 16:38:18",17.023,-36.911,174.873
15185.9,"2014-01-08 16:38:19",16.6954,-36.911,174.873
15202.5,"2014-01-08 16:38:20",16.5781,-36.9109,174.873
15219.5,"2014-01-08 16:38:21",16.3659,-36.9109,174.874
15253.3,"2014-01-08 16:38:23",16.2182,-36.9109,174.874
15284.3,"2014-01-08 16:38:25",16.6126,-36.9108,174.874
15300.9,"2014-01-08 16:38:26",16.315,-36.9108,174.874
15316.2,"2014-01-08 16:38:27",15.8744,-36.9108,174.875
15331.4,"2014-01-08 16:38:28",15.4883,-36.9107,174.875
15346.2,"2014-01-08 16:38:29",15.1277,-36.9107,174.875
15361.1,"2014-01-08 16:38:30",14.9114,-36.9107,174.875
15391,"2014-01-08 16:38:32",14.8237,-36.9107,174.875
15420.3,"2014-01-08 16:38:34",14.7957,-36.9106,174.876
15434.6,"2014-01-08 16:38:35",14.4523,-36.9106,174.876
15461.5,"2014-01-08 16:38:37",14.2204,-36.9105,174.876
15476,"2014-01-08 16:38:38",13.927,-36.9105,174.876
15490.6,"2014-01-08 16:38:39",14.0111,-36.9105,174.877
15505.9,"2014-01-08 16:38:40",14.1934,-36.9105,174.877
15535.8,"2014-01-08 16:38:42",15.5434,-36.9104,174.877
15553.9,"2014-01-08 16:38:43",14.8796,-36.9104,174.877
15584.2,"2014-01-08 16:38:45",16.5461,-36.9104,174.878
15602.3,"2014-01-08 16:38:46",15.9649,-36.9103,174.878
15633.7,"2014-01-08 16:38:48",16.7217,-36.9103,174.878
15651.6,"2014-01-08 16:38:49",16.781,-36.9102,174.878
15667.6,"2014-01-08 16:38:50",16.6426,-36.9102,174.878
15701.1,"2014-01-08 16:38:52",15.3044,-36.9101,174.879
15731.6,"2014-01-08 16:38:54",15.2515,-36.9101,174.879
15746,"2014-01-08 16:38:55",15.5999,-36.91,174.879
15778.7,"2014-01-08 16:38:57",16.3149,-36.91,174.88
15795.6,"2014-01-08 16:38:58",16.5505,-36.9099,174.88
15830.8,"2014-01-08 16:39:00",17.3963,-36.9098,174.88
15848.7,"2014-01-08 16:39:01",17.3745,-36.9098,174.88
15866.3,"2014-01-08 16:39:02",17.1659,-36.9097,174.881
15900.6,"2014-01-08 16:39:04",17.5903,-36.9096,174.881
15918,"2014-01-08 16:39:05",17.4863,-36.9095,174.881
15951.4,"2014-01-08 16:39:07",16.9626,-36.9094,174.882
15968.5,"2014-01-08 16:39:08",16.1446,-36.9093,174.882
16000.7,"2014-01-08 16:39:10",15.1477,-36.9092,174.882
16031.2,"2014-01-08 16:39:12",15.2285,-36.909,174.882
16060.5,"2014-01-08 16:39:14",15.539,-36.9089,174.883
16075.3,"2014-01-08 16:39:16",15.5926,-36.9089,174.883
16104.7,"2014-01-08 16:39:17",15.3633,-36.9087,174.883
16120.3,"2014-01-08 16:39:18",15.3774,-36.9087,174.883
16150.2,"2014-01-08 16:39:20",14.6865,-36.9085,174.883
16164.3,"2014-01-08 16:39:21",14.2634,-36.9085,174.884
16178.1,"2014-01-08 16:39:22",13.9812,-36.9084,174.884
16191.8,"2014-01-08 16:39:23",13.776,-36.9084,174.884
16217.5,"2014-01-08 16:39:25",13.4982,-36.9083,174.884
16229.4,"2014-01-08 16:39:26",12.7054,-36.9082,174.884
16239.7,"2014-01-08 16:39:27",11.4826,-36.9082,174.884
16254.8,"2014-01-08 16:39:29",8.49314,-36.9081,174.885
16259.3,"2014-01-08 16:39:31",7.01241,-36.9081,174.885
16265,"2014-01-08 16:39:32",3.68111,-36.9081,174.885
16265,"2014-01-08 16:39:34",1.32861,-36.9081,174.885
16265,"2014-01-08 16:39:36",0.530469,-36.9081,174.885
16265,"2014-01-08 16:39:38",0.200135,-36.9081,174.885
16265,"2014-01-08 16:39:39",0.159428,-36.9081,174.885
16265,"2014-01-08 16:39:41",0.104934,-36.9081,174.885
16265,"2014-01-08 16:39:43",0.00565838,-36.9081,174.885
16265,"2014-01-08 16:39:44",0.00612055,-36.9081,174.885
16265,"2014-01-08 16:39:46",0.00757279,-36.9081,174.885
16265,"2014-01-08 16:39:48",0.00231525,-36.9081,174.885
16265,"2014-01-08 16:39:49",0.000925031,-36.9081,174.885
16265,"2014-01-08 16:39:51",0.000218887,-36.9081,174.885
16265,"2014-01-08 16:39:52",0.000269041,-36.9081,174.885
16265,"2014-01-08 16:39:54",0.000169908,-36.9081,174.885
16265,"2014-01-08 16:39:56",0.000101784,-36.9081,174.885
16265,"2014-01-08 16:39:58",0.784197,-36.9081,174.885
16272.7,"2014-01-08 16:40:00",3.07648,-36.908,174.885
16279.1,"2014-01-08 16:40:01",4.45418,-36.908,174.885
16287.1,"2014-01-08 16:40:02",5.85946,-36.908,174.885
16297.2,"2014-01-08 16:40:03",7.02173,-36.9079,174.885
16319.7,"2014-01-08 16:40:05",10.4865,-36.9078,174.885
16332.9,"2014-01-08 16:40:06",12.0607,-36.9078,174.885
16363.4,"2014-01-08 16:40:08",14.0208,-36.9076,174.886
16379.1,"2014-01-08 16:40:09",14.6823,-36.9076,174.886
16395.7,"2014-01-08 16:40:10",14.9298,-36.9075,174.886
16410.7,"2014-01-08 16:40:11",15.8495,-36.9074,174.886
16445.4,"2014-01-08 16:40:13",16.304,-36.9073,174.886
16478.8,"2014-01-08 16:40:15",16.8821,-36.9071,174.887
16496.2,"2014-01-08 16:40:16",17.1801,-36.9071,174.887
16531.5,"2014-01-08 16:40:18",17.3372,-36.9069,174.887
16548.8,"2014-01-08 16:40:19",17.0946,-36.9068,174.887
16565.6,"2014-01-08 16:40:20",16.7462,-36.9067,174.888
16581.1,"2014-01-08 16:40:21",16.8468,-36.9067,174.888
16611.8,"2014-01-08 16:40:23",15.4145,-36.9066,174.888
16625.3,"2014-01-08 16:40:24",14.5637,-36.9065,174.888
16648.5,"2014-01-08 16:40:26",12.5333,-36.9064,174.888
16666.4,"2014-01-08 16:40:28",9.94002,-36.9063,174.889
16673.7,"2014-01-08 16:40:29",8.7519,-36.9063,174.889
16688.7,"2014-01-08 16:40:31",8.13602,-36.9062,174.889
16698,"2014-01-08 16:40:32",8.49647,-36.9062,174.889
16708.6,"2014-01-08 16:40:33",9.25296,-36.9062,174.889
16733.7,"2014-01-08 16:40:35",11.6,-36.9061,174.889
16747.4,"2014-01-08 16:40:36",12.8934,-36.906,174.889
16778.4,"2014-01-08 16:40:38",14.1799,-36.9059,174.89
16794,"2014-01-08 16:40:39",14.593,-36.9058,174.89
16826.7,"2014-01-08 16:40:41",15.817,-36.9057,174.89
16860.7,"2014-01-08 16:40:43",16.884,-36.9055,174.891
16878.6,"2014-01-08 16:40:44",16.5302,-36.9055,174.891
16912.3,"2014-01-08 16:40:46",17.0778,-36.9053,174.891
16945.6,"2014-01-08 16:40:48",16.832,-36.9052,174.891
16961.5,"2014-01-08 16:40:49",16.2903,-36.9051,174.892
16993.1,"2014-01-08 16:40:51",15.9519,-36.905,174.892
17008.7,"2014-01-08 16:40:52",15.6745,-36.9049,174.892
17023.7,"2014-01-08 16:40:53",15.278,-36.9049,174.892
17051.8,"2014-01-08 16:40:55",15.314,-36.9047,174.892
17068,"2014-01-08 16:40:56",14.3055,-36.9047,174.893
17096.9,"2014-01-08 16:40:58",14.7848,-36.9046,174.893
17112.3,"2014-01-08 16:40:59",14.8521,-36.9045,174.893
17128,"2014-01-08 16:41:00",14.6839,-36.9044,174.893
17142.4,"2014-01-08 16:41:02",14.9984,-36.9044,174.893
17173.6,"2014-01-08 16:41:03",15.0556,-36.9042,174.894
17204.9,"2014-01-08 16:41:05",16.157,-36.9041,174.894
17223.1,"2014-01-08 16:41:06",16.8449,-36.904,174.894
17258.3,"2014-01-08 16:41:08",16.5786,-36.9039,174.894
17277.9,"2014-01-08 16:41:10",11.751,-36.9038,174.895
17277.9,"2014-01-08 16:41:11",7.38475,-36.9038,174.895
17281.8,"2014-01-08 16:41:13",2.74835,-36.9038,174.895
17292.5,"2014-01-08 16:41:14",1.93461,-36.9039,174.895
17297.3,"2014-01-08 16:41:16",2.07469,-36.9039,174.895
17297.3,"2014-01-08 16:41:17",1.34128,-36.9039,174.895
17297.3,"2014-01-08 16:41:18",0.681222,-36.9039,174.895
17297.3,"2014-01-08 16:41:20",0.0494218,-36.9039,174.895
17297.3,"2014-01-08 16:41:22",0.0669901,-36.9039,174.895
17297.3,"2014-01-08 16:41:23",0.0787194,-36.9039,174.895
17297.3,"2014-01-08 16:41:24",0.0524197,-36.9039,174.895
17297.3,"2014-01-08 16:41:26",0.0118107,-36.9039,174.895
17297.3,"2014-01-08 16:41:28",0.00225815,-36.9039,174.895
17297.3,"2014-01-08 16:41:29",0.00343218,-36.9039,174.895
17297.3,"2014-01-08 16:41:31",0.83177,-36.9039,174.895
17301.4,"2014-01-08 16:41:33",1.93314,-36.9039,174.895
17312.3,"2014-01-08 16:41:35",4.70082,-36.9039,174.895
17321.5,"2014-01-08 16:41:36",6.3635,-36.9039,174.895
17332.9,"2014-01-08 16:41:37",8.15397,-36.904,174.895
17361,"2014-01-08 16:41:39",12.1198,-36.9042,174.895
17392.3,"2014-01-08 16:41:41",14.6708,-36.9045,174.895
17409.5,"2014-01-08 16:41:42",14.8628,-36.9046,174.895
17440,"2014-01-08 16:41:44",15.3544,-36.9048,174.895
17470.3,"2014-01-08 16:41:46",15.4835,-36.9051,174.896
17486.6,"2014-01-08 16:41:47",14.8346,-36.9052,174.896
17515.7,"2014-01-08 16:41:49",15.7046,-36.9055,174.896
17532.1,"2014-01-08 16:41:50",14.9563,-36.9056,174.896
17559.9,"2014-01-08 16:41:52",15.2795,-36.9058,174.896
17576.2,"2014-01-08 16:41:53",15.0341,-36.9059,174.896
17605.5,"2014-01-08 16:41:55",15.2827,-36.9062,174.896
17621.7,"2014-01-08 16:41:56",13.7104,-36.9063,174.896
17647.7,"2014-01-08 16:41:58",14.4632,-36.9065,174.897
17662.4,"2014-01-08 16:41:59",14.2792,-36.9066,174.897
17688.7,"2014-01-08 16:42:01",13.6306,-36.9068,174.897
17688.7,"2014-01-08 16:42:02",13.6306,-36.9068,174.897
17720.1,"2014-01-08 16:42:04",11.0219,-36.9071,174.897
17730.9,"2014-01-08 16:42:05",10.7771,-36.9072,174.897
17757,"2014-01-08 16:42:07",12.6973,-36.9074,174.897
17772.6,"2014-01-08 16:42:08",13.7477,-36.9075,174.897
17789.2,"2014-01-08 16:42:09",14.3666,-36.9076,174.897
17821.4,"2014-01-08 16:42:11",16.1887,-36.9079,174.897
17838.5,"2014-01-08 16:42:12",16.5058,-36.908,174.898
17856.1,"2014-01-08 16:42:13",16.2039,-36.9082,174.898
17888.3,"2014-01-08 16:42:15",16.7863,-36.9084,174.898
17921.7,"2014-01-08 16:42:17",16.8449,-36.9087,174.898
17938.1,"2014-01-08 16:42:18",16.3493,-36.9088,174.898
17953.3,"2014-01-08 16:42:19",15.8173,-36.9089,174.898
17967.3,"2014-01-08 16:42:20",14.9248,-36.909,174.898
17979.3,"2014-01-08 16:42:21",13.3249,-36.9091,174.898
17979.3,"2014-01-08 16:42:22",13.3249,-36.9091,174.898
17996,"2014-01-08 16:42:24",6.44904,-36.9093,174.898
17996,"2014-01-08 16:42:26",1.43929,-36.9093,174.898
17996,"2014-01-08 16:42:27",0.633605,-36.9093,174.898
18001.4,"2014-01-08 16:42:29",0.671228,-36.9092,174.898
18001.4,"2014-01-08 16:42:30",0.351698,-36.9092,174.898
18005.6,"2014-01-08 16:42:31",1.30387,-36.9093,174.898
18009.8,"2014-01-08 16:42:32",2.64452,-36.9093,174.898
18018.8,"2014-01-08 16:42:34",3.79781,-36.9093,174.898
18025.7,"2014-01-08 16:42:36",3.56291,-36.9094,174.898
18025.7,"2014-01-08 16:42:37",3.38937,-36.9094,174.898
18032.7,"2014-01-08 16:42:38",3.46079,-36.9094,174.898
18040.8,"2014-01-08 16:42:40",3.97843,-36.9094,174.898
18040.8,"2014-01-08 16:42:41",3.78276,-36.9094,174.898
18047.8,"2014-01-08 16:42:42",3.58857,-36.9094,174.898
18053.1,"2014-01-08 16:42:44",2.87004,-36.9095,174.898
18053.1,"2014-01-08 16:42:46",2.01587,-36.9095,174.898
18053.1,"2014-01-08 16:42:47",1.33702,-36.9095,174.898
18053.1,"2014-01-08 16:42:48",0.718538,-36.9095,174.898
18053.1,"2014-01-08 16:42:49",0.283286,-36.9095,174.898
18053.1,"2014-01-08 16:42:51",0.0645362,-36.9095,174.898
18053.1,"2014-01-08 16:42:52",0.0925893,-36.9095,174.898
18053.1,"2014-01-08 16:42:53",0.0797714,-36.9095,174.898
18053.1,"2014-01-08 16:42:54",0.0539415,-36.9095,174.898
18053.1,"2014-01-08 16:42:55",0.0292357,-36.9095,174.898
18053.1,"2014-01-08 16:42:56",0.0120455,-36.9095,174.898
18053.1,"2014-01-08 16:42:57",0.00260158,-36.9095,174.898
18053.1,"2014-01-08 16:42:59",0.00341485,-36.9095,174.898
18053.1,"2014-01-08 16:43:00",0.00309255,-36.9095,174.898
18053.1,"2014-01-08 16:43:01",0.00216651,-36.9095,174.898
18053.1,"2014-01-08 16:43:02",0.00121726,-36.9095,174.898
18053.1,"2014-01-08 16:43:03",0.000526317,-36.9095,174.898
18053.1,"2014-01-08 16:43:05",0.0000751295,-36.9095,174.898
18053.1,"2014-01-08 16:43:07",0.000127874,-36.9095,174.898
18053.1,"2014-01-08 16:43:08",0.0000915082,-36.9095,174.898
18053.1,"2014-01-08 16:43:09",0.0000520657,-36.9095,174.898
18053.1,"2014-01-08 16:43:10",0.0000200509,-36.9095,174.898
18053.1,"2014-01-08 16:43:12",0.00000297379,-36.9095,174.898
18053.1,"2014-01-08 16:43:13",0.00000540703,-36.9095,174.898
18053.1,"2014-01-08 16:43:15",0.0000037818,-36.9095,174.898
18053.1,"2014-01-08 16:43:17",0.00000118171,-36.9095,174.898
18053.1,"2014-01-08 16:43:18",0.000000376533,-36.9095,174.898
18053.1,"2014-01-08 16:43:19",0.0000000509993,-36.9095,174.898
18053.1,"2014-01-08 16:43:20",0.000000207491,-36.9095,174.898
18053.1,"2014-01-08 16:43:21",0.000000212956,-36.9095,174.898
